index,bias
9,-0.16372478008270264
34,-0.05637228488922119
41,-0.08511579036712646
47,-0.13920998573303223
